chemical,fold,epa_label,reference_score,reference_active,twin,twin_upper90,early_raw,persistence,exit_twin,exit_twin_upper90,exit_early_raw,exit_persistence
(-)-Nicotine,4,positive,1.1973960399627686,True,0.95987468957901,1.8220481872558594,1.9443820714950562,1.7512354850769043,False,False,False,False
(Methylcyclopentadienyl)tricarbonylmanganese,1,unknown,1.3767410516738892,True,0.9560771584510803,1.4538440704345703,1.6666666269302368,2.5,False,False,False,False
"1,2-Propylene glycol",1,negative,1.2560138702392578,True,1.4971214532852173,2.5113065242767334,2.0333757400512695,1.9625186920166016,False,False,False,False
1-Methyl-4-phenylpyridinium iodide,3,positive,2.524953603744507,True,1.4688245058059692,2.075368881225586,3.13995623588562,3.236644744873047,False,False,False,False
17beta-Estradiol,4,unknown,1.6691516637802124,True,0.5808413624763489,1.4786401987075806,1.147957444190979,1.7032002210617065,True,False,True,False
"2,2-Bis(4-hydroxyphenyl)-1,1,1-trichloroethane",4,unknown,2.0656721591949463,True,0.6750674843788147,1.4421354532241821,1.2941228151321411,1.941184163093567,False,False,False,False
2-(m-Chlorophenoxy)propionic acid,2,unknown,1.5364173650741577,True,0.8438429236412048,1.7373332977294922,1.6405397653579712,2.4608097076416016,False,False,False,False
"2-Ethylhexyl 2,3,4,5-tetrabromobenzoate",3,unknown,3.3333332538604736,True,1.5797549486160278,2.3251640796661377,3.3333332538604736,3.3333332538604736,False,False,False,False
2-Ethylhexyl diphenyl phosphate,2,unknown,1.9524911642074585,True,1.5203614234924316,2.3649370670318604,2.926161527633667,2.7225754261016846,False,False,False,False
"3,3',5,5'-Tetrabromobisphenol A",2,unknown,0.8661549687385559,False,1.242002010345459,2.144256591796875,1.3724751472473145,1.372483730316162,False,False,False,False
3-Iodo-2-propynyl-N-butylcarbamate,3,unknown,2.823948621749878,True,1.131628155708313,1.903729796409607,2.321711301803589,2.618522882461548,False,False,False,False
"4,4'-Sulfonyldiphenol",4,unknown,1.6931267976760864,True,0.8308157920837402,1.4084033966064453,1.624466061592102,2.008363962173462,False,False,False,False
"5,5-Diphenylhydantoin",3,positive,0.7708704471588135,False,0.7928845286369324,1.6863054037094116,1.2197297811508179,1.2210012674331665,False,False,False,True
5-Chloro-2-methyl-3(2H)-isothiazolone,1,unknown,2.745591163635254,True,1.0839415788650513,1.601133942604065,2.157849073410034,2.745591163635254,False,False,False,False
5-Fluorouracil,1,positive,2.8330471515655518,True,1.7838053703308105,2.3386833667755127,2.332761526107788,2.8330471515655518,False,False,False,False
6-Methyl-2-thiouracil,3,positive,1.3787202835083008,True,0.4962853491306305,1.5386662483215332,0.9559527039527893,1.4339290857315063,True,False,True,False
6-aminopyridine-3-carboxamide,4,positive,3.3333332538604736,True,2.2897534370422363,2.9920759201049805,3.3333332538604736,3.3333332538604736,False,False,False,False
Abamectin,2,unknown,3.0555553436279297,True,1.5734342336654663,2.358001470565796,2.777777671813965,3.0555553436279297,False,False,False,False
Acenaphthene,3,unknown,0.8636434674263,False,0.9769144654273987,1.866214394569397,1.7196184396743774,1.1476820707321167,False,False,False,True
Acenaphthylene,2,unknown,0.5789653658866882,False,0.5809308886528015,1.1859365701675415,1.0585423707962036,0.8975849151611328,True,True,True,True
Acephate,1,unknown,0.9660789966583252,False,0.7017452120780945,1.42060124874115,1.5462746620178223,1.279195785522461,False,False,False,True
Acetaminophen,1,unknown,0.4353834390640259,False,0.6513550877571106,1.4433331489562988,0.8364041447639465,0.6379340291023254,False,False,True,True
Acetamiprid,4,unknown,1.1414812803268433,True,0.8539040684700012,1.7744694948196411,1.102420449256897,1.0884250402450562,False,False,True,True
Aldicarb,2,unknown,1.0262161493301392,True,0.5707059502601624,1.5149296522140503,1.2118040323257446,1.4097728729248047,True,False,False,False
Allethrin,3,positive,1.7449249029159546,True,0.7874448895454407,1.420074462890625,1.7295846939086914,2.499018669128418,False,False,False,False
Amoxicillin,2,negative,1.0597798824310303,True,0.7578392624855042,1.573659896850586,1.7876648902893066,1.4397306442260742,False,False,False,False
Anthracene,3,negative,0.7037981152534485,False,0.5168995261192322,1.2015396356582642,0.987600564956665,1.1031221151351929,True,True,True,True
Aspirin,1,negative,0.5289966464042664,False,0.39322802424430847,1.239944577217102,0.7726272940635681,0.8927529454231262,True,True,True,True
Atrazine,4,unknown,0.5285370945930481,False,0.4410361051559448,1.1537482738494873,0.8473994135856628,1.018467664718628,True,True,True,True
Auramine hydrochloride,1,unknown,2.3794147968292236,True,0.7161223292350769,1.394516110420227,1.4254964590072632,2.1908435821533203,False,False,False,False
Azoxystrobin,2,unknown,3.3333332538604736,True,2.0540597438812256,2.564314603805542,3.3333332538604736,3.3333332538604736,False,False,False,False
Bensulide,4,unknown,3.0762157440185547,True,1.4013304710388184,2.0134847164154053,2.8190977573394775,3.0762157440185547,False,False,False,False
Benzo(b)fluoranthene,3,unknown,2.6218817234039307,True,1.5443353652954102,2.0243616104125977,3.072333574295044,2.9770238399505615,False,False,False,False
Benzo[a]pyrene,2,unknown,1.3410221338272095,True,0.9131894707679749,1.6500749588012695,2.022233247756958,1.9426389932632446,False,False,False,False
Benzo[e]pyrene,2,unknown,1.464910864830017,True,0.8510252833366394,1.7238770723342896,1.6666666269302368,2.5,False,False,False,False
Benzo[k]fluoranthene,1,unknown,1.5321544408798218,True,0.9907769560813904,1.4611238241195679,2.006305456161499,2.4812402725219727,False,False,False,False
Berberine chloride,1,unknown,2.71529483795166,True,1.4236811399459839,2.106149911880493,2.0972561836242676,2.71529483795166,False,False,False,False
Bifenthrin,1,unknown,2.5926403999328613,True,0.9478521943092346,1.719232201576233,1.8519474267959595,2.5926403999328613,False,False,False,False
Bis(2-ethylhexyl) tetrabromophthalate,2,unknown,1.861415982246399,True,1.1663601398468018,1.9373644590377808,2.2172296047210693,2.4777300357818604,False,False,False,False
Bis(tributyltin)oxide,1,positive,3.3333332538604736,True,2.8592777252197266,3.3369181156158447,3.3333332538604736,3.3333332538604736,False,False,False,False
Bisindolylmaleimide I,1,positive,2.775841474533081,True,1.7035890817642212,2.4382693767547607,2.2183492183685303,2.6910877227783203,False,False,False,False
Bisphenol A,1,positive,2.101918935775757,True,1.7771986722946167,2.296332359313965,2.5240378379821777,2.8196399211883545,False,False,False,False
Bisphenol AF,2,positive,2.0873260498046875,True,0.8398924469947815,1.4790846109390259,1.7363924980163574,2.370558023452759,False,False,False,False
Bisphenol B,2,positive,1.9873462915420532,True,0.7423180937767029,1.5066174268722534,1.466915488243103,2.2753164768218994,False,False,False,False
Busulfan,1,unknown,0.5591185688972473,False,0.49141576886177063,1.2662996053695679,1.0895572900772095,1.1349387168884277,True,True,True,True
CP-409092,4,unknown,2.2342703342437744,True,0.8257455825805664,1.692984938621521,1.547438621520996,2.2836861610412598,False,False,False,False
Cadmium(II) chloride hydrate (2:5),2,positive,3.3333332538604736,True,1.8694448471069336,2.2205135822296143,3.3333332538604736,3.3333332538604736,False,False,False,False
Caffeine,1,positive,1.058228611946106,True,1.428259253501892,1.9103504419326782,2.720924139022827,3.007770538330078,False,False,False,False
Captan,2,unknown,2.302868604660034,True,1.136130928993225,1.8974285125732422,2.1257574558258057,2.291033983230591,False,False,False,False
Captopril,4,negative,1.2909131050109863,True,0.7598524689674377,1.4162176847457886,1.5611042976379395,2.4093105792999268,False,False,False,False
Carbamazepine,2,positive,0.7899649739265442,False,0.6667463183403015,1.1384062767028809,1.6509965658187866,1.3687330484390259,False,True,False,False
Carbaryl,2,unknown,3.3216381072998047,True,2.163456439971924,2.679388999938965,3.3333332538604736,3.3333332538604736,False,False,False,False
Carbofuran,3,unknown,2.150911569595337,True,1.2206292152404785,1.930782437324524,2.2504327297210693,2.1787149906158447,False,False,False,False
Cariporide mesylate,2,unknown,1.3061989545822144,True,0.5910285711288452,1.3713897466659546,1.0870438814163208,1.6305660009384155,False,False,True,False
Chloramben,2,negative,1.3460487127304077,True,0.8213747143745422,1.7755240201950073,1.5370584726333618,1.3835773468017578,False,False,False,False
Chlordiazepoxide hydrochloride,1,positive,3.3333332538604736,True,2.65641450881958,3.069493532180786,3.3333332538604736,3.3333332538604736,False,False,False,False
Chlorendic acid,3,unknown,0.840601921081543,False,0.511701226234436,1.3758233785629272,1.1762782335281372,0.8914629817008972,True,False,True,True
Chlorethoxyfos,4,unknown,3.2414071559906006,True,1.539023995399475,1.9037914276123047,3.1494808197021484,3.2414071559906006,False,False,False,False
Chlorpromazine hydrochloride,2,positive,2.66550612449646,True,1.418192744255066,1.8694108724594116,1.9976791143417358,2.66550612449646,False,False,False,False
Chlorpyrifos oxon,4,positive,1.3119927644729614,True,0.5489863753318787,1.3381634950637817,1.0603630542755127,1.2863060235977173,True,False,True,True
Chrysene,4,unknown,0.6228166222572327,False,0.5003602504730225,1.3158084154129028,0.85157710313797,1.189338207244873,True,True,True,True
Clodinafop-propargyl,3,unknown,1.0714683532714844,True,0.5132721066474915,0.9755279421806335,1.074170470237732,1.2884515523910522,True,True,True,True
Clothianidin,2,unknown,0.6664367318153381,False,0.6207125186920166,1.4440218210220337,1.263832449913025,0.9064092636108398,False,False,False,True
Clove leaf oil,4,unknown,1.5035232305526733,True,0.8553560376167297,1.7526668310165405,1.1438758373260498,1.7158137559890747,False,False,True,False
Cocaine,3,positive,1.1744974851608276,True,1.4877783060073853,2.587249517440796,1.4756978750228882,1.3255654573440552,False,False,False,True
Colchicine,3,positive,3.3333332538604736,True,2.587135076522827,2.91398549079895,3.3333332538604736,3.3333332538604736,False,False,False,False
Cotinine,4,negative,0.7376055717468262,False,0.5223454833030701,1.1933900117874146,1.2328287363052368,0.6954734325408936,True,True,True,True
Coumaphos,4,unknown,2.967686891555786,True,1.2453159093856812,1.684998869895935,2.6020402908325195,2.967686891555786,False,False,False,False
Cyclophosphamide monohydrate,1,positive,0.9390468597412109,False,0.7854477763175964,1.2043994665145874,1.622890591621399,1.23252534866333,False,True,False,True
Cymoxanil,1,unknown,0.8144946098327637,False,0.6408117413520813,1.4208773374557495,0.9628611207008362,0.829868495464325,False,False,True,True
Cypermethrin,4,positive,2.745591163635254,True,1.0478070974349976,1.3801645040512085,2.157849073410034,2.745591163635254,False,False,False,False
D-Glucitol,4,negative,0.6257632374763489,False,0.7207062244415283,1.6509766578674316,1.1697591543197632,1.2072519063949585,False,False,True,True
D-Mannitol,3,negative,1.1206361055374146,True,0.6371894478797913,1.3314064741134644,1.275260329246521,1.6852693557739258,True,True,False,False
DDT,3,positive,2.874440908432007,True,1.149960994720459,1.839154601097107,2.415548324584961,2.874440908432007,False,False,False,False
Deltamethrin,3,positive,3.144926071166992,True,2.4996883869171143,3.384622812271118,2.95651912689209,3.144926071166992,False,False,False,False
Dexamethasone,3,positive,0.8286862373352051,False,0.5349083542823792,1.5170669555664062,1.1497868299484253,1.09542715549469,True,False,True,True
Dextroamphetamine sulfate,4,positive,1.4551386833190918,True,2.7432186603546143,3.6377620697021484,2.6478750705718994,2.367788553237915,False,False,False,False
Di(2-ethylhexyl) phthalate,4,positive,2.995326280593872,True,1.3017593622207642,1.8108292818069458,2.6573193073272705,2.995326280593872,False,False,False,False
Diazepam,1,positive,2.398543357849121,True,1.5687216520309448,2.212696075439453,3.049226760864258,3.1912801265716553,False,False,False,False
Diazinon,4,positive,3.2153189182281494,True,1.6341567039489746,2.022735118865967,3.097304582595825,3.2153189182281494,False,False,False,False
Diazoxon,1,unknown,0.8846119046211243,False,0.7587941288948059,1.4745582342147827,1.5110416412353516,1.5109068155288696,False,False,False,False
"Dibenz[a,c]anthracene",3,unknown,1.4830414056777954,True,0.9593255519866943,1.582807183265686,1.8751343488693237,2.497523546218872,False,False,False,False
Dichlorvos,2,unknown,0.7760757803916931,False,0.5869802832603455,1.446041464805603,1.2829920053482056,1.2765501737594604,False,False,False,True
Dicrotophos,3,unknown,0.6914722323417664,False,0.709904670715332,1.468781590461731,1.425244927406311,0.824425995349884,False,False,False,True
Dieldrin,4,positive,3.3333332538604736,True,2.135613203048706,2.5883471965789795,3.3333332538604736,3.3333332538604736,False,False,False,False
Diethylene glycol,1,negative,0.7579951882362366,False,0.4345383644104004,1.2192305326461792,0.8779154419898987,1.0084707736968994,True,True,True,True
Diethylstilbestrol,1,positive,2.9479475021362305,True,1.5470350980758667,2.102529287338257,2.777777671813965,3.0555553436279297,False,False,False,False
Difpas-pyrazole,1,unknown,1.9603453874588013,True,0.798679530620575,1.449555516242981,1.6666666269302368,2.5,False,False,False,False
Dimethoate,1,unknown,3.2153189182281494,True,1.8583217859268188,2.203798532485962,3.097304582595825,3.2153189182281494,False,False,False,False
Diphenhydramine hydrochloride,4,unknown,1.9956374168395996,True,0.8943894505500793,1.7294107675552368,1.6666666269302368,2.5,False,False,False,False
Emamectin benzoate,3,unknown,2.745591163635254,True,1.2994064092636108,1.744385838508606,2.384700059890747,2.854816436767578,False,False,False,False
Endosulfan,1,unknown,2.9395945072174072,True,1.250329613685608,1.907091736793518,2.545855760574341,2.9395945072174072,False,False,False,False
Endrin,1,unknown,1.2170095443725586,True,0.8121123313903809,1.5599387884140015,1.5349870920181274,1.930848479270935,False,False,False,False
Es-fenvalerate,3,unknown,2.6301121711730957,True,0.9091477394104004,1.3890928030014038,1.9268909692764282,2.6301121711730957,False,False,False,False
Esketamine hydrochloride,3,unknown,1.7280312776565552,True,0.6994507312774658,1.375502109527588,1.3623332977294922,1.4524339437484741,False,False,False,False
Etofenprox,3,unknown,2.5926403999328613,True,0.8866323828697205,1.5928401947021484,1.8519474267959595,2.5926403999328613,False,False,False,False
Eugenol,2,unknown,1.1545528173446655,True,0.7211588025093079,1.3753513097763062,1.3754305839538574,2.063145875930786,False,False,False,False
Fenitrothion,1,unknown,0.8520779013633728,False,0.9108998775482178,1.4697729349136353,1.6151357889175415,1.2280317544937134,False,False,False,True
Fenpropathrin,3,unknown,2.6301121711730957,True,0.9128378033638,1.2508972883224487,1.9268909692764282,2.6301121711730957,False,True,False,False
Fipronil,2,unknown,1.2700159549713135,True,0.8300119042396545,1.5903549194335938,1.528917908668518,2.0405189990997314,False,False,False,False
Firemaster 550,3,unknown,1.9659223556518555,True,1.4439083337783813,2.2653095722198486,2.594496965408325,2.551785945892334,False,False,False,False
Fluorene,2,unknown,0.6013215184211731,False,0.4991893768310547,1.1362875699996948,0.8112015724182129,0.7422658801078796,True,True,True,True
Folic acid,3,unknown,1.6196573972702026,True,0.5852062106132507,1.3501758575439453,1.1581302881240845,1.7746671438217163,True,True,True,False
Fosthiazate,4,unknown,0.6957617402076721,False,0.4292404353618622,1.3946253061294556,0.8943896889686584,0.9567058086395264,True,False,True,True
Glycerol,2,negative,0.5201757550239563,False,0.452408105134964,1.2771211862564087,0.7965312600135803,0.6032319068908691,True,False,True,True
Haloperidol,3,positive,2.8330471515655518,True,1.7735109329223633,2.5091021060943604,2.332761526107788,2.8330471515655518,False,False,False,False
Heptachlor epoxide B,4,positive,2.9445388317108154,True,1.3348345756530762,1.9902795553207397,2.555743932723999,2.9445388317108154,False,False,False,False
Hexachlorophene,3,positive,3.3333332538604736,True,1.6418190002441406,2.2673919200897217,3.3333332538604736,3.3333332538604736,False,False,False,False
Imidacloprid,4,unknown,1.0918785333633423,True,0.7744842171669006,1.7228227853775024,1.5875259637832642,1.2175768613815308,False,False,False,True
Isodecyl diphenyl phosphate,4,unknown,0.8413742184638977,False,0.9044721722602844,1.8667559623718262,1.4802780151367188,1.1489782333374023,False,False,False,True
Kepone,4,positive,2.9395945072174072,True,1.4287232160568237,1.849608063697815,2.545855760574341,2.9395945072174072,False,False,False,False
L-Ascorbic acid,2,negative,0.9620983004570007,False,0.5615505576133728,1.487511157989502,1.1463226079940796,1.7194838523864746,True,False,True,False
Lead(II) acetate trihydrate,3,positive,3.3333332538604736,True,2.444594144821167,3.0306739807128906,3.3333332538604736,3.3333332538604736,False,False,False,False
Lindane,2,positive,2.133915424346924,True,1.0712924003601074,1.8300758600234985,1.9599285125732422,1.68429696559906,False,False,False,False
Loperamide,1,positive,2.9682862758636475,True,2.0398921966552734,2.748837471008301,2.6032392978668213,2.9105236530303955,False,False,False,False
Malaoxon,1,unknown,0.9720458388328552,False,0.6086488366127014,1.2531722784042358,1.4660611152648926,1.225009799003601,False,True,False,True
Malathion,3,unknown,2.5374717712402344,True,1.526443362236023,2.084451675415039,1.741610050201416,2.5374717712402344,False,False,False,False
Mancozeb,3,unknown,0.752295732498169,False,0.7977039217948914,1.6146255731582642,1.2643693685531616,1.2051762342453003,False,False,False,True
Maneb,2,positive,0.7977585196495056,False,0.9230165481567383,1.7300047874450684,1.8603549003601074,1.1353851556777954,False,False,False,True
Manganese dichloride,2,positive,0.8414596915245056,False,0.8067304491996765,1.7217665910720825,1.6904174089431763,1.1434690952301025,False,False,False,True
Manganese(II) acetate,3,positive,0.6504571437835693,False,0.6660496592521667,1.5315431356430054,1.3794726133346558,0.9118585586547852,True,False,False,True
Mercuric chloride,2,positive,2.3262031078338623,True,1.0245155096054077,1.8298858404159546,1.737147331237793,2.4945287704467773,False,False,False,False
Methamidophos,2,unknown,1.1171295642852783,True,0.9682527184486389,1.7539390325546265,1.8787569999694824,1.7808729410171509,False,False,False,False
Methimazole,4,positive,1.3157293796539307,True,0.7571174502372742,1.6514767408370972,1.2369579076766968,1.8554368019104004,False,False,False,False
Methoxychlor,1,unknown,2.718597412109375,True,1.027999758720398,1.8036346435546875,2.103861093521118,2.718597412109375,False,False,False,False
Methylmercuric(II) chloride,2,positive,3.3333332538604736,True,2.1223366260528564,2.6074695587158203,3.3333332538604736,3.3333332538604736,False,False,False,False
Mevastatin,2,positive,2.907197952270508,True,1.857247233390808,2.6589481830596924,2.481062889099121,2.8109214305877686,False,False,False,False
Mirex,2,unknown,2.718597412109375,True,1.2184934616088867,1.920493483543396,2.103861093521118,2.718597412109375,False,False,False,False
Molinate,4,unknown,1.7062692642211914,True,0.8053717017173767,1.7484369277954102,1.3240832090377808,1.986124873161316,False,False,False,False
Naled,1,unknown,2.5374717712402344,True,1.0605623722076416,1.5432249307632446,1.741610050201416,2.5374717712402344,False,False,False,False
Naloxone hydrochloride dihydrate,3,positive,0.7202845215797424,False,0.4940492808818817,1.0466275215148926,1.0716125965118408,0.7204629778862,True,True,True,True
"Octachloro-4,7-methanotetrahydroindane",2,unknown,2.718597412109375,True,1.1981465816497803,1.7972912788391113,2.103861093521118,2.718597412109375,False,False,False,False
Octylbicycloheptenedicarboximide,4,unknown,1.9181208610534668,True,0.9931142926216125,1.8648713827133179,1.6666666269302368,2.5,False,False,False,False
Oxidopamine hydrochloride,1,unknown,2.777539014816284,True,1.2733019590377808,2.1082732677459717,2.4783623218536377,2.777539014816284,False,False,False,False
Paraquat dichloride,4,positive,3.3333332538604736,True,2.405827283859253,3.14939022064209,3.3333332538604736,3.3333332538604736,False,False,False,False
Parathion,2,positive,0.7915921211242676,False,1.1268352270126343,2.0490128993988037,1.0727431774139404,1.0986407995224,False,False,True,True
Perfluoroundecanoic acid,4,unknown,0.8483052849769592,False,0.8175695538520813,1.136885166168213,1.7111707925796509,1.1252962350845337,False,True,False,True
Permethrin,1,positive,3.3333332538604736,True,1.9605368375778198,2.665522575378418,3.3333332538604736,3.3333332538604736,False,False,False,False
PharmaGSID_47330,1,unknown,1.952032208442688,True,0.7169589400291443,1.2735505104064941,1.547438621520996,2.2836861610412598,False,True,False,False
Phenanthrene,1,unknown,0.5119935870170593,False,0.3523695766925812,1.0750420093536377,0.6591752171516418,0.8150833249092102,True,True,True,True
Phenobarbital,4,positive,0.6887946128845215,False,0.5572911500930786,1.4176286458969116,1.252087950706482,0.8213542103767395,True,False,False,True
Phenol,3,negative,1.0772792100906372,True,1.0201191902160645,1.7282804250717163,2.0814201831817627,2.4880635738372803,False,False,False,False
Phenylmercuric acetate,4,unknown,2.3262031078338623,True,1.3335824012756348,2.0773732662200928,1.737147331237793,2.350877046585083,False,False,False,False
Phorate,3,unknown,3.2414071559906006,True,2.3687798976898193,3.2230663299560547,3.1494808197021484,3.2414071559906006,False,False,False,False
Phosmet,4,unknown,2.666520118713379,True,0.9369325637817383,1.5006691217422485,1.9997071027755737,2.666520118713379,False,False,False,False
Picoxystrobin,4,unknown,3.3333332538604736,True,2.5266940593719482,3.3679897785186768,3.3333332538604736,3.3333332538604736,False,False,False,False
Piperonyl butoxide,3,unknown,1.945229172706604,True,0.7715458273887634,1.2483534812927246,1.6599630117416382,2.4899444580078125,False,True,False,False
Prallethrin,2,unknown,2.531459093093872,True,0.8382783532142639,1.4146264791488647,1.7295846939086914,2.499018669128418,False,False,False,False
Pravastatin sodium,1,unknown,2.9481124877929688,True,1.5457106828689575,2.308378219604492,3.2049732208251953,3.193737268447876,False,False,False,False
Profenofos,3,unknown,1.119798183441162,True,1.0694464445114136,1.6803070306777954,2.1599740982055664,1.5814971923828125,False,False,False,False
Pyrene,3,unknown,0.5173706412315369,False,0.542107343673706,1.289731740951538,1.0026004314422607,1.3304706811904907,True,True,True,True
Reserpine,2,unknown,3.3333332538604736,True,2.0688562393188477,2.5176658630371094,3.3333332538604736,3.3333332538604736,False,False,False,False
Resmethrin,4,unknown,1.718894362449646,True,0.7234251499176025,1.2124993801116943,1.5442224740982056,2.0561094284057617,False,True,False,False
Retinoic acid,4,positive,3.1266510486602783,True,1.4295659065246582,1.84597647190094,2.919968843460083,3.1266510486602783,False,False,False,False
Rotenone,4,unknown,2.7475106716156006,True,1.7012557983398438,2.2510623931884766,2.1616876125335693,2.635878562927246,False,False,False,False
S-Bioallethrin,3,unknown,1.9940816164016724,True,0.8690845966339111,1.3561702966690063,1.8382649421691895,2.4971730709075928,False,True,False,False
S-Ethyl dipropylthiocarbamate,1,unknown,0.6023343205451965,False,0.3575824797153473,1.0362296104431152,0.6553419828414917,1.1000226736068726,True,True,True,True
Simvastatin,3,unknown,2.3262031078338623,True,1.1885353326797485,1.764752984046936,3.071781873703003,3.2025575637817383,False,False,False,False
Sodium arsenite,2,positive,3.3333332538604736,True,2.153193712234497,2.5698599815368652,3.3333332538604736,3.3333332538604736,False,False,False,False
Sodium fluoride,3,positive,0.9522988796234131,False,0.8913068175315857,1.8514032363891602,0.8898399472236633,1.0067044496536255,False,False,True,True
Sodium orthovanadate,4,positive,2.5066280364990234,True,1.968680500984192,2.8133432865142822,2.2405145168304443,2.646759033203125,False,False,False,False
Sodium saccharin hydrate,1,negative,1.3176618814468384,True,0.5684830546379089,1.2728760242462158,1.2331303358078003,1.244809865951538,True,True,False,True
Sodium valproate,1,positive,1.3794755935668945,True,0.8148931860923767,1.8725804090499878,1.8317948579788208,1.773575782775879,False,False,False,False
Spiroxamine,3,unknown,3.3333332538604736,True,3.1106483936309814,3.5166666507720947,3.3333332538604736,3.3333332538604736,False,False,False,False
Tamoxifen,3,unknown,2.35443115234375,True,0.944572389125824,1.6123601198196411,1.6666666269302368,2.5,False,False,False,False
Tebuconazole,2,positive,3.215362548828125,True,1.8625550270080566,2.3317434787750244,3.3333332538604736,3.3333332538604736,False,False,False,False
Tebupirimfos,4,unknown,2.666520118713379,True,0.9287081360816956,1.4006882905960083,1.9997071027755737,2.666520118713379,False,False,False,False
Tefluthrin,3,unknown,2.5926403999328613,True,0.8786198496818542,1.6123842000961304,1.8519474267959595,2.5926403999328613,False,False,False,False
Terbufos,1,unknown,2.5374717712402344,True,1.346166729927063,1.7036012411117554,1.741610050201416,2.5374717712402344,False,False,False,False
Terbutaline hemisulfate,2,positive,0.7376243472099304,False,0.5969974398612976,1.415784478187561,1.2010959386825562,0.8430862426757812,False,False,False,True
Tetracycline,3,negative,0.7032803893089294,False,0.55612713098526,1.2507686614990234,1.1370317935943604,1.2876490354537964,True,True,True,True
Tetraethylthiuram disulfide,2,unknown,2.719951868057251,True,1.3629989624023438,2.159337043762207,2.20886492729187,2.771099090576172,False,False,False,False
Tetramethrin,2,unknown,1.4355854988098145,True,0.9174556732177734,1.4532934427261353,1.8889671564102173,2.5732264518737793,False,False,False,False
Thalidomide,1,positive,1.6552376747131348,True,1.5938786268234253,2.5367090702056885,2.2314891815185547,1.7084473371505737,False,False,False,False
Thiamethoxam,3,unknown,0.8850194811820984,False,0.6507710814476013,1.5422043800354004,1.242679476737976,1.2916158437728882,True,False,False,True
Tribufos,2,unknown,3.2414071559906006,True,1.6113475561141968,2.1518044471740723,3.1494808197021484,3.2414071559906006,False,False,False,False
Tributyltin chloride,3,positive,2.3262031078338623,True,0.9042349457740784,1.598456859588623,1.737147331237793,2.350877046585083,False,False,False,False
Tributyltin methacrylate,1,positive,2.3262031078338623,True,1.2314996719360352,2.034109115600586,1.737147331237793,2.350877046585083,False,False,False,False
Trichlorfon,2,positive,3.2414071559906006,True,1.989664912223816,2.4241435527801514,3.1494808197021484,3.2414071559906006,False,False,False,False
Trifloxystrobin,2,unknown,3.3333332538604736,True,2.190110683441162,2.6722404956817627,3.3333332538604736,3.3333332538604736,False,False,False,False
Trimethyltin hydroxide,1,positive,3.1266510486602783,True,1.9582810401916504,2.576716899871826,2.919968843460083,3.1266510486602783,False,False,False,False
Triphenyl phosphate,4,unknown,2.027665853500366,True,1.3027900457382202,2.2045958042144775,2.3283302783966064,2.3748912811279297,False,False,False,False
Triphenyl phosphates isopropylated,3,unknown,2.3934133052825928,True,1.6667388677597046,2.4461824893951416,3.3099982738494873,3.3216657638549805,False,False,False,False
Triphenyl phosphite,4,unknown,0.7513304352760315,False,0.7344045639038086,1.2679017782211304,1.4370485544204712,0.9250170588493347,False,True,False,True
"Tris(1,3-dichloro-2-propyl) phosphate",1,unknown,1.5974106788635254,True,1.4638824462890625,2.3392770290374756,2.356170654296875,2.3075428009033203,False,False,False,False
Tris(2-chloroethyl) phosphate,1,unknown,1.3069404363632202,True,1.4023715257644653,2.47141695022583,1.5720452070236206,1.3253370523452759,False,False,False,True
Tris(2-chloroisopropyl)phosphate,4,unknown,0.8335497379302979,False,0.6712751984596252,1.3180015087127686,1.2873986959457397,1.1452447175979614,False,True,False,True
Tris(methylphenyl) phosphate,2,unknown,0.9279959797859192,False,1.0920311212539673,2.1956021785736084,1.5927530527114868,1.3058161735534668,False,False,False,True
Valinomycin,4,unknown,3.3333332538604736,True,1.6129741668701172,2.04611873626709,3.3333332538604736,3.3333332538604736,False,False,False,False
Z-Tetrachlorvinphos,1,unknown,2.2768592834472656,True,1.3565173149108887,1.910726547241211,2.355762243270874,2.5934717655181885,False,False,False,False
"o,p'-DDT",2,unknown,2.9395945072174072,True,1.573327660560608,2.2049355506896973,2.545855760574341,2.9395945072174072,False,False,False,False
"p,p'-DDD",1,positive,2.718597412109375,True,1.059303879737854,1.8111141920089722,2.103861093521118,2.718597412109375,False,False,False,False
tert-Butylhydroquinone,1,unknown,2.6617772579193115,True,0.9359801411628723,1.6189875602722168,1.9902211427688599,2.6617772579193115,False,False,False,False
tert-Butylphenyl diphenyl phosphate,4,unknown,2.2404565811157227,True,1.5342577695846558,2.2734456062316895,3.143281936645508,3.2383077144622803,False,False,False,False
