chemical,fold,epa_label,reference_score,reference_active,twin,twin_upper90,early_raw,persistence,twin_v1,late_reference_score,late_reference_active
(-)-Nicotine,4,positive,1.1973960399627686,True,1.4173388481140137,2.366126298904419,1.9443820714950562,1.7512354850769043,0.95987468957901,1.67559015750885,True
(Methylcyclopentadienyl)tricarbonylmanganese,1,unknown,1.3767410516738892,True,1.7054356336593628,2.53098464012146,1.6666666269302368,2.5,0.9560771584510803,2.224637746810913,True
"1,2-Propylene glycol",1,negative,1.2560138702392578,True,1.5345916748046875,2.551832437515259,2.0333757400512695,1.9625186920166016,1.4971214532852173,1.3619952201843262,True
1-Methyl-4-phenylpyridinium iodide,3,positive,2.524953603744507,True,2.7111380100250244,3.7096970081329346,3.13995623588562,3.236644744873047,1.4688245058059692,2.1819260120391846,True
17beta-Estradiol,4,unknown,1.6691516637802124,True,2.211374282836914,2.9785497188568115,1.147957444190979,1.7032002210617065,0.5808413624763489,2.372447967529297,True
"2,2-Bis(4-hydroxyphenyl)-1,1,1-trichloroethane",4,unknown,2.0656721591949463,True,1.8373774290084839,2.622412919998169,1.2941228151321411,1.941184163093567,0.6750674843788147,2.921102285385132,True
2-(m-Chlorophenoxy)propionic acid,2,unknown,1.5364173650741577,True,1.5171302556991577,2.584672689437866,1.6405397653579712,2.4608097076416016,0.8438429236412048,3.0381686687469482,True
"2-Ethylhexyl 2,3,4,5-tetrabromobenzoate",3,unknown,3.3333332538604736,True,2.6430537700653076,3.955634832382202,3.3333332538604736,3.3333332538604736,1.5797549486160278,3.3333332538604736,True
2-Ethylhexyl diphenyl phosphate,2,unknown,1.9524911642074585,True,2.1261043548583984,3.4558677673339844,2.926161527633667,2.7225754261016846,1.5203614234924316,1.1345810890197754,True
"3,3',5,5'-Tetrabromobisphenol A",2,unknown,0.8661549687385559,False,1.0987294912338257,2.1086184978485107,1.3724751472473145,1.372483730316162,1.242002010345459,0.8393306136131287,False
3-Iodo-2-propynyl-N-butylcarbamate,3,unknown,2.823948621749878,True,2.832355499267578,3.6527554988861084,2.321711301803589,2.618522882461548,1.131628155708313,3.3333332538604736,True
"4,4'-Sulfonyldiphenol",4,unknown,1.6931267976760864,True,0.8707459568977356,1.5663080215454102,1.624466061592102,2.008363962173462,0.8308157920837402,1.8151623010635376,True
"5,5-Diphenylhydantoin",3,positive,0.7708704471588135,False,1.4826831817626953,2.609369993209839,1.2197297811508179,1.2210012674331665,0.7928845286369324,0.9966745376586914,False
5-Chloro-2-methyl-3(2H)-isothiazolone,1,unknown,2.745591163635254,True,2.767224073410034,3.0039758682250977,2.157849073410034,2.745591163635254,1.0839415788650513,3.3333332538604736,True
5-Fluorouracil,1,positive,2.8330471515655518,True,2.8535022735595703,3.243105888366699,2.332761526107788,2.8330471515655518,1.7838053703308105,3.3333332538604736,True
6-Methyl-2-thiouracil,3,positive,1.3787202835083008,True,1.7476319074630737,2.5749094486236572,0.9559527039527893,1.4339290857315063,0.4962853491306305,2.739351511001587,True
6-aminopyridine-3-carboxamide,4,positive,3.3333332538604736,True,3.4535772800445557,3.847140073776245,3.3333332538604736,3.3333332538604736,2.2897534370422363,3.3333332538604736,True
Abamectin,2,unknown,3.0555553436279297,True,2.942337989807129,3.2307794094085693,2.777777671813965,3.0555553436279297,1.5734342336654663,3.3333332538604736,True
Acenaphthene,3,unknown,0.8636434674263,False,1.1533291339874268,2.0384795665740967,1.7196184396743774,1.1476820707321167,0.9769144654273987,0.6431902050971985,False
Acenaphthylene,2,unknown,0.5789653658866882,False,0.6654364466667175,1.245613694190979,1.0585423707962036,0.8975849151611328,0.5809308886528015,0.5963115096092224,False
Acephate,1,unknown,0.9660789966583252,False,0.9003617167472839,1.506935477256775,1.5462746620178223,1.279195785522461,0.7017452120780945,0.7417755722999573,False
Acetaminophen,1,unknown,0.4353834390640259,False,1.25779390335083,2.334989309310913,0.8364041447639465,0.6379340291023254,0.6513550877571106,0.3944171369075775,False
Acetamiprid,4,unknown,1.1414812803268433,True,1.1939072608947754,2.394886016845703,1.102420449256897,1.0884250402450562,0.8539040684700012,1.3233681917190552,True
Aldicarb,2,unknown,1.0262161493301392,True,0.68548184633255,1.551228404045105,1.2118040323257446,1.4097728729248047,0.5707059502601624,1.9649839401245117,True
Allethrin,3,positive,1.7449249029159546,True,2.2581353187561035,2.86236834526062,1.7295846939086914,2.499018669128418,0.7874448895454407,2.787057876586914,True
Amoxicillin,2,negative,1.0597798824310303,True,0.7853779792785645,1.7421563863754272,1.7876648902893066,1.4397306442260742,0.7578392624855042,1.039093255996704,True
Anthracene,3,negative,0.7037981152534485,False,0.9858825206756592,1.9310020208358765,0.987600564956665,1.1031221151351929,0.5168995261192322,0.702176034450531,False
Aspirin,1,negative,0.5289966464042664,False,0.5817294120788574,1.5402040481567383,0.7726272940635681,0.8927529454231262,0.39322802424430847,0.7478740811347961,False
Atrazine,4,unknown,0.5285370945930481,False,0.5309935212135315,1.2421423196792603,0.8473994135856628,1.018467664718628,0.4410361051559448,0.7380443215370178,False
Auramine hydrochloride,1,unknown,2.3794147968292236,True,2.292182683944702,2.94156551361084,1.4254964590072632,2.1908435821533203,0.7161223292350769,3.3333332538604736,True
Azoxystrobin,2,unknown,3.3333332538604736,True,3.4259393215179443,3.7212698459625244,3.3333332538604736,3.3333332538604736,2.0540597438812256,3.3333332538604736,True
Bensulide,4,unknown,3.0762157440185547,True,3.1525821685791016,3.70617413520813,2.8190977573394775,3.0762157440185547,1.4013304710388184,3.3333332538604736,True
Benzo(b)fluoranthene,3,unknown,2.6218817234039307,True,2.5274627208709717,3.291836977005005,3.072333574295044,2.9770238399505615,1.5443353652954102,2.5755293369293213,True
Benzo[a]pyrene,2,unknown,1.3410221338272095,True,1.4421318769454956,2.2097980976104736,2.022233247756958,1.9426389932632446,0.9131894707679749,1.5598182678222656,True
Benzo[e]pyrene,2,unknown,1.464910864830017,True,1.6202276945114136,2.362135887145996,1.6666666269302368,2.5,0.8510252833366394,1.6204438209533691,True
Benzo[k]fluoranthene,1,unknown,1.5321544408798218,True,1.087857723236084,1.8886356353759766,2.006305456161499,2.4812402725219727,0.9907769560813904,1.5993752479553223,True
Berberine chloride,1,unknown,2.71529483795166,True,2.7686526775360107,3.1532371044158936,2.0972561836242676,2.71529483795166,1.4236811399459839,3.3333332538604736,True
Bifenthrin,1,unknown,2.5926403999328613,True,2.5437653064727783,2.8798253536224365,1.8519474267959595,2.5926403999328613,0.9478521943092346,3.3333332538604736,True
Bis(2-ethylhexyl) tetrabromophthalate,2,unknown,1.861415982246399,True,1.917165756225586,2.908599853515625,2.2172296047210693,2.4777300357818604,1.1663601398468018,1.7533258199691772,True
Bis(tributyltin)oxide,1,positive,3.3333332538604736,True,3.3935134410858154,3.4432876110076904,3.3333332538604736,3.3333332538604736,2.8592777252197266,3.3333332538604736,True
Bisindolylmaleimide I,1,positive,2.775841474533081,True,2.7782583236694336,3.5258467197418213,2.2183492183685303,2.6910877227783203,1.7035890817642212,3.3333332538604736,True
Bisphenol A,1,positive,2.101918935775757,True,2.8005096912384033,3.385530471801758,2.5240378379821777,2.8196399211883545,1.7771986722946167,2.2316229343414307,True
Bisphenol AF,2,positive,2.0873260498046875,True,2.11698317527771,2.811089515686035,1.7363924980163574,2.370558023452759,0.8398924469947815,2.5804331302642822,True
Bisphenol B,2,positive,1.9873462915420532,True,1.7922401428222656,2.6362850666046143,1.466915488243103,2.2753164768218994,0.7423180937767029,2.9306137561798096,True
Busulfan,1,unknown,0.5591185688972473,False,0.4970177710056305,1.1601375341415405,1.0895572900772095,1.1349387168884277,0.49141576886177063,0.5954029560089111,False
CP-409092,4,unknown,2.2342703342437744,True,1.777469515800476,2.5817911624908447,1.547438621520996,2.2836861610412598,0.8257455825805664,3.084740400314331,True
Cadmium(II) chloride hydrate (2:5),2,positive,3.3333332538604736,True,3.098778009414673,3.6037397384643555,3.3333332538604736,3.3333332538604736,1.8694448471069336,3.3333332538604736,True
Caffeine,1,positive,1.058228611946106,True,1.1402711868286133,1.8247524499893188,2.720924139022827,3.007770538330078,1.428259253501892,1.3484395742416382,True
Captan,2,unknown,2.302868604660034,True,2.3902623653411865,3.426215887069702,2.1257574558258057,2.291033983230591,1.136130928993225,2.512113332748413,True
Captopril,4,negative,1.2909131050109863,True,0.738494873046875,1.4481712579727173,1.5611042976379395,2.4093105792999268,0.7598524689674377,1.1206492185592651,True
Carbamazepine,2,positive,0.7899649739265442,False,0.8941243290901184,1.661137580871582,1.6509965658187866,1.3687330484390259,0.6667463183403015,0.8273512721061707,False
Carbaryl,2,unknown,3.3216381072998047,True,3.3355820178985596,3.64782452583313,3.3333332538604736,3.3333332538604736,2.163456439971924,3.3333332538604736,True
Carbofuran,3,unknown,2.150911569595337,True,1.886878490447998,3.023163080215454,2.2504327297210693,2.1787149906158447,1.2206292152404785,2.0513908863067627,True
Cariporide mesylate,2,unknown,1.3061989545822144,True,1.4531282186508179,2.4697325229644775,1.0870438814163208,1.6305660009384155,0.5910285711288452,2.13348126411438,True
Chloramben,2,negative,1.3460487127304077,True,1.5202018022537231,2.6028976440429688,1.5370584726333618,1.3835773468017578,0.8213747143745422,1.5226010084152222,True
Chlordiazepoxide hydrochloride,1,positive,3.3333332538604736,True,3.3902015686035156,3.700796365737915,3.3333332538604736,3.3333332538604736,2.65641450881958,3.3333332538604736,True
Chlorendic acid,3,unknown,0.840601921081543,False,0.402071475982666,1.2670882940292358,1.1762782335281372,0.8914629817008972,0.511701226234436,1.0466885566711426,True
Chlorethoxyfos,4,unknown,3.2414071559906006,True,3.132922887802124,3.5479888916015625,3.1494808197021484,3.2414071559906006,1.539023995399475,3.3333332538604736,True
Chlorpromazine hydrochloride,2,positive,2.66550612449646,True,2.7596027851104736,2.939329147338867,1.9976791143417358,2.66550612449646,1.418192744255066,3.3333332538604736,True
Chlorpyrifos oxon,4,positive,1.3119927644729614,True,0.5965954065322876,1.3276056051254272,1.0603630542755127,1.2863060235977173,0.5489863753318787,1.6618379354476929,True
Chrysene,4,unknown,0.6228166222572327,False,0.5735308527946472,1.337677001953125,0.85157710313797,1.189338207244873,0.5003602504730225,0.6785356402397156,False
Clodinafop-propargyl,3,unknown,1.0714683532714844,True,0.5982561111450195,1.1283565759658813,1.074170470237732,1.2884515523910522,0.5132721066474915,1.311696171760559,True
Clothianidin,2,unknown,0.6664367318153381,False,0.6333044171333313,1.4795031547546387,1.263832449913025,0.9064092636108398,0.6207125186920166,0.6878719329833984,False
Clove leaf oil,4,unknown,1.5035232305526733,True,1.3426038026809692,2.2480294704437256,1.1438758373260498,1.7158137559890747,0.8553560376167297,2.8418610095977783,True
Cocaine,3,positive,1.1744974851608276,True,2.107043981552124,3.0506579875946045,1.4756978750228882,1.3255654573440552,1.4877783060073853,2.1912009716033936,True
Colchicine,3,positive,3.3333332538604736,True,3.4497263431549072,3.56194806098938,3.3333332538604736,3.3333332538604736,2.587135076522827,3.3333332538604736,True
Cotinine,4,negative,0.7376055717468262,False,0.9458174705505371,1.8564342260360718,1.2328287363052368,0.6954734325408936,0.5223454833030701,1.0443695783615112,True
Coumaphos,4,unknown,2.967686891555786,True,2.8773930072784424,3.3399059772491455,2.6020402908325195,2.967686891555786,1.2453159093856812,3.3333332538604736,True
Cyclophosphamide monohydrate,1,positive,0.9390468597412109,False,0.6846749186515808,1.4207690954208374,1.622890591621399,1.23252534866333,0.7854477763175964,1.415933609008789,True
Cymoxanil,1,unknown,0.8144946098327637,False,0.7724108099937439,1.5104007720947266,0.9628611207008362,0.829868495464325,0.6408117413520813,0.8068404793739319,False
Cypermethrin,4,positive,2.745591163635254,True,2.5932457447052,3.037208318710327,2.157849073410034,2.745591163635254,1.0478070974349976,3.3333332538604736,True
D-Glucitol,4,negative,0.6257632374763489,False,0.9974653124809265,1.9436575174331665,1.1697591543197632,1.2072519063949585,0.7207062244415283,1.2646290063858032,True
D-Mannitol,3,negative,1.1206361055374146,True,1.0021754503250122,1.9363492727279663,1.275260329246521,1.6852693557739258,0.6371894478797913,1.432116150856018,True
DDT,3,positive,2.874440908432007,True,2.7778985500335693,3.2581424713134766,2.415548324584961,2.874440908432007,1.149960994720459,3.3333332538604736,True
Deltamethrin,3,positive,3.144926071166992,True,3.158426284790039,3.8500165939331055,2.95651912689209,3.144926071166992,2.4996883869171143,3.3333332538604736,True
Dexamethasone,3,positive,0.8286862373352051,False,1.53504478931427,2.6039364337921143,1.1497868299484253,1.09542715549469,0.5349083542823792,0.972111701965332,False
Dextroamphetamine sulfate,4,positive,1.4551386833190918,True,1.9256964921951294,2.887354612350464,2.6478750705718994,2.367788553237915,2.7432186603546143,0.9946599006652832,False
Di(2-ethylhexyl) phthalate,4,positive,2.995326280593872,True,2.9681520462036133,3.635718584060669,2.6573193073272705,2.995326280593872,1.3017593622207642,3.3333332538604736,True
Diazepam,1,positive,2.398543357849121,True,3.0698821544647217,3.7014052867889404,3.049226760864258,3.1912801265716553,1.5687216520309448,2.263524055480957,True
Diazinon,4,positive,3.2153189182281494,True,3.373131513595581,3.6836555004119873,3.097304582595825,3.2153189182281494,1.6341567039489746,3.3333332538604736,True
Diazoxon,1,unknown,0.8846119046211243,False,0.8733406066894531,1.493395447731018,1.5110416412353516,1.5109068155288696,0.7587941288948059,0.6225075721740723,False
"Dibenz[a,c]anthracene",3,unknown,1.4830414056777954,True,1.2865737676620483,2.074281692504883,1.8751343488693237,2.497523546218872,0.9593255519866943,2.236632823944092,True
Dichlorvos,2,unknown,0.7760757803916931,False,0.7092825770378113,1.6509686708450317,1.2829920053482056,1.2765501737594604,0.5869802832603455,1.0151723623275757,True
Dicrotophos,3,unknown,0.6914722323417664,False,0.7150976061820984,1.4823640584945679,1.425244927406311,0.824425995349884,0.709904670715332,0.7298527359962463,False
Dieldrin,4,positive,3.3333332538604736,True,3.3688900470733643,3.9853010177612305,3.3333332538604736,3.3333332538604736,2.135613203048706,3.3333332538604736,True
Diethylene glycol,1,negative,0.7579951882362366,False,0.6323404312133789,1.4231133460998535,0.8779154419898987,1.0084707736968994,0.4345383644104004,0.8302004933357239,False
Diethylstilbestrol,1,positive,2.9479475021362305,True,2.8525803089141846,3.3376247882843018,2.777777671813965,3.0555553436279297,1.5470350980758667,3.3333332538604736,True
Difpas-pyrazole,1,unknown,1.9603453874588013,True,1.7961550951004028,2.718296766281128,1.6666666269302368,2.5,0.798679530620575,3.000044822692871,True
Dimethoate,1,unknown,3.2153189182281494,True,3.0155160427093506,3.4389193058013916,3.097304582595825,3.2153189182281494,1.8583217859268188,3.3333332538604736,True
Diphenhydramine hydrochloride,4,unknown,1.9956374168395996,True,2.027169704437256,2.5844614505767822,1.6666666269302368,2.5,0.8943894505500793,2.901944160461426,True
Emamectin benzoate,3,unknown,2.745591163635254,True,2.694861650466919,3.1940643787384033,2.384700059890747,2.854816436767578,1.2994064092636108,3.3333332538604736,True
Endosulfan,1,unknown,2.9395945072174072,True,2.9207828044891357,3.2505738735198975,2.545855760574341,2.9395945072174072,1.250329613685608,3.3333332538604736,True
Endrin,1,unknown,1.2170095443725586,True,2.231696367263794,2.9956138134002686,1.5349870920181274,1.930848479270935,0.8121123313903809,1.5607630014419556,True
Es-fenvalerate,3,unknown,2.6301121711730957,True,2.536135673522949,2.776097536087036,1.9268909692764282,2.6301121711730957,0.9091477394104004,3.3333332538604736,True
Esketamine hydrochloride,3,unknown,1.7280312776565552,True,1.4685746431350708,2.4763948917388916,1.3623332977294922,1.4524339437484741,0.6994507312774658,2.650529384613037,True
Etofenprox,3,unknown,2.5926403999328613,True,2.5478734970092773,2.9841690063476562,1.8519474267959595,2.5926403999328613,0.8866323828697205,3.3333332538604736,True
Eugenol,2,unknown,1.1545528173446655,True,1.411252498626709,2.4478800296783447,1.3754305839538574,2.063145875930786,0.7211588025093079,1.9937509298324585,True
Fenitrothion,1,unknown,0.8520779013633728,False,0.9915704727172852,1.6280385255813599,1.6151357889175415,1.2280317544937134,0.9108998775482178,0.903043806552887,False
Fenpropathrin,3,unknown,2.6301121711730957,True,2.5084340572357178,2.715195655822754,1.9268909692764282,2.6301121711730957,0.9128378033638,3.3333332538604736,True
Fipronil,2,unknown,1.2700159549713135,True,1.1125863790512085,1.7635177373886108,1.528917908668518,2.0405189990997314,0.8300119042396545,2.009575366973877,True
Firemaster 550,3,unknown,1.9659223556518555,True,1.999579906463623,2.9296875,2.594496965408325,2.551785945892334,1.4439083337783813,1.8657804727554321,True
Fluorene,2,unknown,0.6013215184211731,False,0.6311432719230652,1.3754819631576538,0.8112015724182129,0.7422658801078796,0.4991893768310547,0.4952585697174072,False
Folic acid,3,unknown,1.6196573972702026,True,1.1656497716903687,2.071357250213623,1.1581302881240845,1.7746671438217163,0.5852062106132507,2.193645477294922,True
Fosthiazate,4,unknown,0.6957617402076721,False,0.5519905090332031,1.3033325672149658,0.8943896889686584,0.9567058086395264,0.4292404353618622,1.1317826509475708,True
Glycerol,2,negative,0.5201757550239563,False,0.6794169545173645,1.5611225366592407,0.7965312600135803,0.6032319068908691,0.452408105134964,0.6343870162963867,False
Haloperidol,3,positive,2.8330471515655518,True,2.8749561309814453,3.2784345149993896,2.332761526107788,2.8330471515655518,1.7735109329223633,3.3333332538604736,True
Heptachlor epoxide B,4,positive,2.9445388317108154,True,2.9404401779174805,3.5409934520721436,2.555743932723999,2.9445388317108154,1.3348345756530762,3.3333332538604736,True
Hexachlorophene,3,positive,3.3333332538604736,True,3.2367165088653564,3.7265355587005615,3.3333332538604736,3.3333332538604736,1.6418190002441406,3.3333332538604736,True
Imidacloprid,4,unknown,1.0918785333633423,True,0.9777811169624329,1.874631404876709,1.5875259637832642,1.2175768613815308,0.7744842171669006,1.4735102653503418,True
Isodecyl diphenyl phosphate,4,unknown,0.8413742184638977,False,1.340895652770996,2.398648262023926,1.4802780151367188,1.1489782333374023,0.9044721722602844,0.6543907523155212,False
Kepone,4,positive,2.9395945072174072,True,3.0624234676361084,3.2547872066497803,2.545855760574341,2.9395945072174072,1.4287232160568237,3.3333332538604736,True
L-Ascorbic acid,2,negative,0.9620983004570007,False,1.2971043586730957,2.426114320755005,1.1463226079940796,1.7194838523864746,0.5615505576133728,1.0451256036758423,True
Lead(II) acetate trihydrate,3,positive,3.3333332538604736,True,3.2897064685821533,3.5583083629608154,3.3333332538604736,3.3333332538604736,2.444594144821167,3.3333332538604736,True
Lindane,2,positive,2.133915424346924,True,1.486857295036316,2.4159128665924072,1.9599285125732422,1.68429696559906,1.0712924003601074,2.6334869861602783,True
Loperamide,1,positive,2.9682862758636475,True,2.9640026092529297,3.639112710952759,2.6032392978668213,2.9105236530303955,2.0398921966552734,3.3333332538604736,True
Malaoxon,1,unknown,0.9720458388328552,False,0.7793428897857666,1.3190981149673462,1.4660611152648926,1.225009799003601,0.6086488366127014,0.9602024555206299,False
Malathion,3,unknown,2.5374717712402344,True,2.5767221450805664,2.7611637115478516,1.741610050201416,2.5374717712402344,1.526443362236023,3.3333332538604736,True
Mancozeb,3,unknown,0.752295732498169,False,0.9356791377067566,1.8134040832519531,1.2643693685531616,1.2051762342453003,0.7977039217948914,0.6968037486076355,False
Maneb,2,positive,0.7977585196495056,False,0.9166061282157898,1.7343143224716187,1.8603549003601074,1.1353851556777954,0.9230165481567383,0.870657742023468,False
Manganese dichloride,2,positive,0.8414596915245056,False,0.7112975120544434,1.6522226333618164,1.6904174089431763,1.1434690952301025,0.8067304491996765,1.2148865461349487,True
Manganese(II) acetate,3,positive,0.6504571437835693,False,0.6495574116706848,1.6332191228866577,1.3794726133346558,0.9118585586547852,0.6660496592521667,0.806300163269043,False
Mercuric chloride,2,positive,2.3262031078338623,True,2.5877273082733154,3.0531671047210693,1.737147331237793,2.4945287704467773,1.0245155096054077,3.1160738468170166,True
Methamidophos,2,unknown,1.1171295642852783,True,1.0815843343734741,1.8844318389892578,1.8787569999694824,1.7808729410171509,0.9682527184486389,0.7189211249351501,False
Methimazole,4,positive,1.3157293796539307,True,1.4445220232009888,2.5637738704681396,1.2369579076766968,1.8554368019104004,0.7571174502372742,2.040360450744629,True
Methoxychlor,1,unknown,2.718597412109375,True,2.5895869731903076,3.0799615383148193,2.103861093521118,2.718597412109375,1.027999758720398,3.3333332538604736,True
Methylmercuric(II) chloride,2,positive,3.3333332538604736,True,3.178853750228882,3.8551599979400635,3.3333332538604736,3.3333332538604736,2.1223366260528564,3.3333332538604736,True
Mevastatin,2,positive,2.907197952270508,True,3.055562734603882,3.5392062664031982,2.481062889099121,2.8109214305877686,1.857247233390808,3.3333332538604736,True
Mirex,2,unknown,2.718597412109375,True,2.676645278930664,2.904729127883911,2.103861093521118,2.718597412109375,1.2184934616088867,3.3333332538604736,True
Molinate,4,unknown,1.7062692642211914,True,1.1604335308074951,2.1227595806121826,1.3240832090377808,1.986124873161316,0.8053717017173767,2.6899144649505615,True
Naled,1,unknown,2.5374717712402344,True,2.501147747039795,2.9648067951202393,1.741610050201416,2.5374717712402344,1.0605623722076416,3.3333332538604736,True
Naloxone hydrochloride dihydrate,3,positive,0.7202845215797424,False,0.7321302890777588,1.635331153869629,1.0716125965118408,0.7204629778862,0.4940492808818817,0.9892873764038086,False
"Octachloro-4,7-methanotetrahydroindane",2,unknown,2.718597412109375,True,2.6462697982788086,2.9411861896514893,2.103861093521118,2.718597412109375,1.1981465816497803,3.3333332538604736,True
Octylbicycloheptenedicarboximide,4,unknown,1.9181208610534668,True,2.153022050857544,2.7891547679901123,1.6666666269302368,2.5,0.9931142926216125,2.6030781269073486,True
Oxidopamine hydrochloride,1,unknown,2.777539014816284,True,2.65010666847229,3.206321954727173,2.4783623218536377,2.777539014816284,1.2733019590377808,3.3333332538604736,True
Paraquat dichloride,4,positive,3.3333332538604736,True,3.47548508644104,3.6465771198272705,3.3333332538604736,3.3333332538604736,2.405827283859253,3.3333332538604736,True
Parathion,2,positive,0.7915921211242676,False,1.5090222358703613,2.5315215587615967,1.0727431774139404,1.0986407995224,1.1268352270126343,0.8331088423728943,False
Perfluoroundecanoic acid,4,unknown,0.8483052849769592,False,0.6582631468772888,1.1860707998275757,1.7111707925796509,1.1252962350845337,0.8175695538520813,0.879188060760498,False
Permethrin,1,positive,3.3333332538604736,True,3.291001081466675,3.579226493835449,3.3333332538604736,3.3333332538604736,1.9605368375778198,3.3333332538604736,True
PharmaGSID_47330,1,unknown,1.952032208442688,True,1.800279974937439,2.7197153568267822,1.547438621520996,2.2836861610412598,0.7169589400291443,3.27497935295105,True
Phenanthrene,1,unknown,0.5119935870170593,False,0.46992775797843933,1.2253376245498657,0.6591752171516418,0.8150833249092102,0.3523695766925812,0.5153990387916565,False
Phenobarbital,4,positive,0.6887946128845215,False,0.587727963924408,1.3463712930679321,1.252087950706482,0.8213542103767395,0.5572911500930786,1.0836964845657349,True
Phenol,3,negative,1.0772792100906372,True,1.305675745010376,2.1322247982025146,2.0814201831817627,2.4880635738372803,1.0201191902160645,0.8387629985809326,False
Phenylmercuric acetate,4,unknown,2.3262031078338623,True,2.6406800746917725,3.1030876636505127,1.737147331237793,2.350877046585083,1.3335824012756348,3.124296188354492,True
Phorate,3,unknown,3.2414071559906006,True,3.2937231063842773,3.635122060775757,3.1494808197021484,3.2414071559906006,2.3687798976898193,3.3333332538604736,True
Phosmet,4,unknown,2.666520118713379,True,2.5798451900482178,2.924125909805298,1.9997071027755737,2.666520118713379,0.9369325637817383,3.3333332538604736,True
Picoxystrobin,4,unknown,3.3333332538604736,True,3.461876153945923,3.7504518032073975,3.3333332538604736,3.3333332538604736,2.5266940593719482,3.3333332538604736,True
Piperonyl butoxide,3,unknown,1.945229172706604,True,1.1139854192733765,2.184652090072632,1.6599630117416382,2.4899444580078125,0.7715458273887634,3.3333332538604736,True
Prallethrin,2,unknown,2.531459093093872,True,2.0224015712738037,2.73736572265625,1.7295846939086914,2.499018669128418,0.8382783532142639,3.3333332538604736,True
Pravastatin sodium,1,unknown,2.9481124877929688,True,2.1261208057403564,3.4871692657470703,3.2049732208251953,3.193737268447876,1.5457106828689575,3.3333332538604736,True
Profenofos,3,unknown,1.119798183441162,True,1.8006452322006226,2.657339334487915,2.1599740982055664,1.5814971923828125,1.0694464445114136,1.1721800565719604,True
Pyrene,3,unknown,0.5173706412315369,False,0.6153841614723206,1.39353609085083,1.0026004314422607,1.3304706811904907,0.542107343673706,0.7202463150024414,False
Reserpine,2,unknown,3.3333332538604736,True,3.2970187664031982,3.7303924560546875,3.3333332538604736,3.3333332538604736,2.0688562393188477,3.3333332538604736,True
Resmethrin,4,unknown,1.718894362449646,True,1.9372576475143433,2.7307968139648438,1.5442224740982056,2.0561094284057617,0.7234251499176025,2.1375420093536377,True
Retinoic acid,4,positive,3.1266510486602783,True,2.6857566833496094,3.786745309829712,2.919968843460083,3.1266510486602783,1.4295659065246582,3.3333332538604736,True
Rotenone,4,unknown,2.7475106716156006,True,2.9112730026245117,3.2796459197998047,2.1616876125335693,2.635878562927246,1.7012557983398438,3.3333332538604736,True
S-Bioallethrin,3,unknown,1.9940816164016724,True,2.302485704421997,2.6467297077178955,1.8382649421691895,2.4971730709075928,0.8690845966339111,2.626864433288574,True
S-Ethyl dipropylthiocarbamate,1,unknown,0.6023343205451965,False,0.510438859462738,1.1836076974868774,0.6553419828414917,1.1000226736068726,0.3575824797153473,0.6899592280387878,False
Simvastatin,3,unknown,2.3262031078338623,True,2.5433547496795654,3.077883005142212,3.071781873703003,3.2025575637817383,1.1885353326797485,3.1160738468170166,True
Sodium arsenite,2,positive,3.3333332538604736,True,3.5237579345703125,3.6150102615356445,3.3333332538604736,3.3333332538604736,2.153193712234497,3.3333332538604736,True
Sodium fluoride,3,positive,0.9522988796234131,False,0.6141401529312134,1.507695198059082,0.8898399472236633,1.0067044496536255,0.8913068175315857,1.0829987525939941,True
Sodium orthovanadate,4,positive,2.5066280364990234,True,2.942906618118286,3.7199223041534424,2.2405145168304443,2.646759033203125,1.968680500984192,2.9848263263702393,True
Sodium saccharin hydrate,1,negative,1.3176618814468384,True,0.8408109545707703,1.7200603485107422,1.2331303358078003,1.244809865951538,0.5684830546379089,1.7741656303405762,True
Sodium valproate,1,positive,1.3794755935668945,True,0.9234470725059509,1.6230026483535767,1.8317948579788208,1.773575782775879,0.8148931860923767,1.6943025588989258,True
Spiroxamine,3,unknown,3.3333332538604736,True,3.436037302017212,3.529585838317871,3.3333332538604736,3.3333332538604736,3.1106483936309814,3.3333332538604736,True
Tamoxifen,3,unknown,2.35443115234375,True,1.7868531942367554,2.621277332305908,1.6666666269302368,2.5,0.944572389125824,3.3333332538604736,True
Tebuconazole,2,positive,3.215362548828125,True,3.394491195678711,3.717235565185547,3.3333332538604736,3.3333332538604736,1.8625550270080566,3.3333332538604736,True
Tebupirimfos,4,unknown,2.666520118713379,True,2.5210750102996826,2.805091142654419,1.9997071027755737,2.666520118713379,0.9287081360816956,3.3333332538604736,True
Tefluthrin,3,unknown,2.5926403999328613,True,2.5416009426116943,2.9734601974487305,1.8519474267959595,2.5926403999328613,0.8786198496818542,3.3333332538604736,True
Terbufos,1,unknown,2.5374717712402344,True,2.5586044788360596,2.8716418743133545,1.741610050201416,2.5374717712402344,1.346166729927063,3.3333332538604736,True
Terbutaline hemisulfate,2,positive,0.7376243472099304,False,1.164393424987793,2.325650930404663,1.2010959386825562,0.8430862426757812,0.5969974398612976,1.0943446159362793,True
Tetracycline,3,negative,0.7032803893089294,False,0.7349504828453064,1.770250678062439,1.1370317935943604,1.2876490354537964,0.55612713098526,0.5833544135093689,False
Tetraethylthiuram disulfide,2,unknown,2.719951868057251,True,2.732597589492798,3.3151371479034424,2.20886492729187,2.771099090576172,1.3629989624023438,3.3333332538604736,True
Tetramethrin,2,unknown,1.4355854988098145,True,2.079638719558716,2.797292709350586,1.8889671564102173,2.5732264518737793,0.9174556732177734,1.3767403364181519,True
Thalidomide,1,positive,1.6552376747131348,True,1.9231559038162231,2.9066274166107178,2.2314891815185547,1.7084473371505737,1.5938786268234253,1.6786638498306274,True
Thiamethoxam,3,unknown,0.8850194811820984,False,0.7209754586219788,1.7383970022201538,1.242679476737976,1.2916158437728882,0.6507710814476013,0.8726482391357422,False
Tribufos,2,unknown,3.2414071559906006,True,3.0549423694610596,3.371143102645874,3.1494808197021484,3.2414071559906006,1.6113475561141968,3.3333332538604736,True
Tributyltin chloride,3,positive,2.3262031078338623,True,2.510953664779663,3.062650680541992,1.737147331237793,2.350877046585083,0.9042349457740784,3.124296188354492,True
Tributyltin methacrylate,1,positive,2.3262031078338623,True,2.491536855697632,3.107167959213257,1.737147331237793,2.350877046585083,1.2314996719360352,3.1241085529327393,True
Trichlorfon,2,positive,3.2414071559906006,True,3.1884963512420654,3.486532211303711,3.1494808197021484,3.2414071559906006,1.989664912223816,3.3333332538604736,True
Trifloxystrobin,2,unknown,3.3333332538604736,True,3.3625872135162354,3.656641721725464,3.3333332538604736,3.3333332538604736,2.190110683441162,3.3333332538604736,True
Trimethyltin hydroxide,1,positive,3.1266510486602783,True,3.099031686782837,3.4837255477905273,2.919968843460083,3.1266510486602783,1.9582810401916504,3.3333332538604736,True
Triphenyl phosphate,4,unknown,2.027665853500366,True,2.0139706134796143,3.0874011516571045,2.3283302783966064,2.3748912811279297,1.3027900457382202,1.8192857503890991,True
Triphenyl phosphates isopropylated,3,unknown,2.3934133052825928,True,2.745129346847534,3.720891237258911,3.3099982738494873,3.3216657638549805,1.6667388677597046,2.07309627532959,True
Triphenyl phosphite,4,unknown,0.7513304352760315,False,0.6656042337417603,1.2740116119384766,1.4370485544204712,0.9250170588493347,0.7344045639038086,0.7649784684181213,False
"Tris(1,3-dichloro-2-propyl) phosphate",1,unknown,1.5974106788635254,True,2.6486032009124756,3.4643590450286865,2.356170654296875,2.3075428009033203,1.4638824462890625,1.4283676147460938,True
Tris(2-chloroethyl) phosphate,1,unknown,1.3069404363632202,True,1.7284015417099,2.926980972290039,1.5720452070236206,1.3253370523452759,1.4023715257644653,1.7027368545532227,True
Tris(2-chloroisopropyl)phosphate,4,unknown,0.8335497379302979,False,0.7686703205108643,1.5832048654556274,1.2873986959457397,1.1452447175979614,0.6712751984596252,0.7232074737548828,False
Tris(methylphenyl) phosphate,2,unknown,0.9279959797859192,False,1.072494387626648,1.8720165491104126,1.5927530527114868,1.3058161735534668,1.0920311212539673,0.7677960395812988,False
Valinomycin,4,unknown,3.3333332538604736,True,3.0131139755249023,3.1653213500976562,3.3333332538604736,3.3333332538604736,1.6129741668701172,3.3333332538604736,True
Z-Tetrachlorvinphos,1,unknown,2.2768592834472656,True,1.9102531671524048,2.733452796936035,2.355762243270874,2.5934717655181885,1.3565173149108887,2.4300687313079834,True
"o,p'-DDT",2,unknown,2.9395945072174072,True,2.9254071712493896,3.066330909729004,2.545855760574341,2.9395945072174072,1.573327660560608,3.3333332538604736,True
"p,p'-DDD",1,positive,2.718597412109375,True,2.567159652709961,2.9543724060058594,2.103861093521118,2.718597412109375,1.059303879737854,3.3333332538604736,True
tert-Butylhydroquinone,1,unknown,2.6617772579193115,True,2.223440408706665,2.665395736694336,1.9902211427688599,2.6617772579193115,0.9359801411628723,3.3333332538604736,True
tert-Butylphenyl diphenyl phosphate,4,unknown,2.2404565811157227,True,2.5656445026397705,3.6569478511810303,3.143281936645508,3.2383077144622803,1.5342577695846558,1.6558799743652344,True
